Segment_ID,Material_Type,Surface_Condition,Thickness_mm,Temperature_C,Defect_Label
1,Concrete,Smooth,12.49,48.0,No_Defect
2,Steel,Corroded,12.12,49.5,Weld_Issue
3,Aluminum,Rough,19.32,46.4,No_Defect
4,Aluminum,Rough,23.13,20.0,No_Defect
5,Aluminum,Smooth,21.85,22.5,Crack
6,Aluminum,Rough,19.45,36.3,Weld_Issue
7,Aluminum,Corroded,20.2,16.2,No_Defect
8,Concrete,Smooth,21.05,44.5,Delamination
9,Concrete,Rough,22.16,22.2,No_Defect
10,Steel,Smooth,19.21,26.8,Crack
11,Concrete,Rough,8.99,24.9,Delamination
12,Concrete,Rough,6.01,11.8,No_Defect
13,Aluminum,Rough,14.81,44.0,Crack
14,Concrete,Rough,14.03,26.3,Delamination
15,Concrete,Corroded,12.68,39.5,No_Defect
16,Steel,Smooth,22.18,49.7,Crack
17,Concrete,Corroded,7.1,44.3,No_Defect
18,Concrete,Rough,17.15,16.1,Crack
19,Steel,Corroded,18.49,12.2,Weld_Issue
20,Concrete,Corroded,9.33,20.5,Delamination
21,Concrete,Smooth,13.54,49.3,No_Defect
22,Concrete,Rough,7.8,33.3,Crack
23,Aluminum,Smooth,14.25,26.8,Delamination
24,Steel,Rough,22.16,12.3,Crack
25,Concrete,Smooth,5.82,12.9,No_Defect
26,Concrete,Rough,7.17,48.5,Crack
27,Concrete,Smooth,17.44,13.2,Weld_Issue
28,Aluminum,Corroded,6.14,25.2,Delamination
29,Concrete,Smooth,5.89,18.8,Crack
30,Steel,Corroded,23.43,32.4,Crack
31,Concrete,Corroded,8.27,13.5,Crack
32,Concrete,Rough,17.48,25.1,No_Defect
33,Aluminum,Smooth,13.09,19.2,Delamination
34,Concrete,Rough,18.26,25.3,Delamination
35,Steel,Smooth,15.34,44.2,No_Defect
36,Steel,Rough,24.56,14.5,No_Defect
37,Concrete,Rough,18.37,22.3,No_Defect
38,Concrete,Rough,18.36,44.6,Crack
39,Aluminum,Rough,15.52,10.4,Delamination
40,Concrete,Corroded,9.41,40.1,Crack
41,Concrete,Rough,5.55,36.2,Delamination
42,Steel,Rough,24.45,15.9,Crack
43,Steel,Rough,6.85,30.0,Weld_Issue
44,Aluminum,Smooth,5.66,38.9,No_Defect
45,Concrete,Smooth,10.61,24.7,Delamination
46,Concrete,Corroded,18.36,39.5,Crack
47,Steel,Smooth,20.45,23.6,Weld_Issue
48,Steel,Rough,21.71,49.0,Crack
49,Aluminum,Rough,6.92,48.6,Crack
50,Steel,Rough,8.21,42.0,No_Defect
51,Steel,Rough,12.43,49.6,Crack
52,Concrete,Smooth,19.09,12.7,Delamination
53,Concrete,Corroded,21.86,11.0,No_Defect
54,Steel,Rough,24.26,22.4,Weld_Issue
55,Concrete,Rough,15.03,34.2,Weld_Issue
56,Steel,Rough,6.95,32.9,Weld_Issue
57,Concrete,Corroded,18.03,23.0,No_Defect
58,Concrete,Smooth,5.5,31.6,Delamination
59,Aluminum,Rough,12.29,12.2,No_Defect
60,Steel,Smooth,5.9,31.4,Crack
61,Aluminum,Rough,10.17,14.4,Weld_Issue
62,Concrete,Corroded,15.29,35.9,No_Defect
63,Aluminum,Corroded,24.38,44.3,Delamination
64,Concrete,Corroded,8.54,15.2,Weld_Issue
65,Aluminum,Smooth,18.01,33.7,Weld_Issue
66,Concrete,Smooth,9.53,26.3,Delamination
67,Aluminum,Smooth,16.09,29.4,Weld_Issue
68,Aluminum,Smooth,22.01,12.1,Delamination
69,Aluminum,Rough,24.22,37.7,No_Defect
70,Steel,Rough,10.2,22.5,Delamination
71,Aluminum,Rough,8.26,11.8,Crack
72,Aluminum,Rough,16.06,18.5,Weld_Issue
73,Concrete,Corroded,18.54,10.0,Delamination
74,Concrete,Smooth,20.87,24.5,Crack
75,Aluminum,Corroded,11.36,13.8,No_Defect
76,Concrete,Smooth,20.18,13.5,No_Defect
77,Concrete,Corroded,10.18,33.1,Weld_Issue
78,Aluminum,Corroded,11.53,11.4,Delamination
79,Steel,Corroded,17.01,40.4,No_Defect
80,Concrete,Rough,15.51,23.0,No_Defect
81,Steel,Corroded,9.06,29.7,Crack
82,Steel,Rough,11.14,13.9,Delamination
83,Aluminum,Corroded,8.39,45.1,Delamination
84,Steel,Rough,5.94,33.8,Delamination
85,Steel,Smooth,13.78,16.9,No_Defect
86,Concrete,Rough,15.95,41.2,Delamination
87,Aluminum,Smooth,13.43,12.4,Crack
88,Concrete,Corroded,14.67,26.5,Crack
89,Aluminum,Smooth,12.88,37.0,No_Defect
90,Concrete,Smooth,7.8,41.1,Weld_Issue
91,Aluminum,Smooth,10.36,30.7,Delamination
92,Aluminum,Smooth,16.27,40.9,No_Defect
93,Aluminum,Rough,8.09,44.7,Weld_Issue
94,Steel,Rough,18.84,25.7,Weld_Issue
95,Concrete,Rough,10.6,18.8,Crack
96,Steel,Rough,15.71,21.9,Delamination
97,Aluminum,Smooth,14.62,13.7,Crack
98,Concrete,Smooth,15.94,21.6,No_Defect
99,Aluminum,Corroded,9.77,30.8,Delamination
100,Aluminum,Corroded,16.05,12.8,No_Defect
101,Aluminum,Corroded,15.03,10.3,No_Defect
102,Aluminum,Smooth,20.64,31.8,Delamination
103,Aluminum,Corroded,19.04,39.8,Delamination
104,Concrete,Smooth,5.68,31.3,Crack
105,Concrete,Corroded,14.11,39.0,Weld_Issue
106,Aluminum,Corroded,24.7,29.8,Delamination
107,Aluminum,Corroded,9.07,30.2,Crack
108,Steel,Smooth,21.09,23.1,Weld_Issue
109,Concrete,Rough,8.88,36.1,Delamination
110,Aluminum,Smooth,5.43,21.1,Crack
111,Aluminum,Corroded,23.33,40.8,No_Defect
112,Concrete,Rough,8.74,23.9,Weld_Issue
113,Concrete,Smooth,5.43,27.5,Weld_Issue
114,Concrete,Rough,10.32,11.3,Weld_Issue
115,Steel,Rough,7.31,13.3,Weld_Issue
116,Steel,Rough,6.18,39.5,No_Defect
117,Concrete,Corroded,11.98,23.9,No_Defect
118,Concrete,Smooth,24.12,44.6,Crack
119,Aluminum,Smooth,20.04,45.6,Crack
120,Steel,Corroded,21.17,38.3,Weld_Issue
121,Aluminum,Smooth,9.27,23.7,No_Defect
122,Aluminum,Corroded,18.39,18.0,No_Defect
123,Aluminum,Smooth,5.65,20.5,Delamination
124,Steel,Corroded,22.9,14.1,Crack
125,Steel,Smooth,15.38,35.5,Weld_Issue
126,Concrete,Rough,16.41,13.8,Weld_Issue
127,Steel,Smooth,9.88,10.2,No_Defect
128,Concrete,Rough,18.39,42.0,No_Defect
129,Concrete,Smooth,10.22,15.4,Weld_Issue
130,Concrete,Rough,8.78,27.4,Weld_Issue
131,Concrete,Rough,15.74,22.5,Delamination
132,Steel,Corroded,14.76,15.0,Weld_Issue
133,Aluminum,Smooth,17.75,11.2,No_Defect
134,Aluminum,Smooth,12.32,47.6,Crack
135,Steel,Smooth,8.11,23.6,Delamination
136,Concrete,Smooth,10.03,27.5,Weld_Issue
137,Steel,Rough,12.35,11.5,Crack
138,Concrete,Rough,5.79,16.6,Delamination
139,Steel,Rough,22.69,32.0,Weld_Issue
140,Aluminum,Rough,12.91,15.9,Weld_Issue
141,Steel,Corroded,8.64,18.2,No_Defect
142,Concrete,Smooth,8.43,26.8,Delamination
143,Concrete,Corroded,17.12,36.6,Delamination
144,Concrete,Rough,11.55,24.4,Crack
145,Concrete,Rough,7.09,26.9,Weld_Issue
146,Aluminum,Smooth,15.71,43.0,Delamination
147,Concrete,Rough,5.81,46.7,No_Defect
148,Concrete,Corroded,14.47,39.3,Crack
149,Aluminum,Rough,12.15,35.0,Delamination
150,Concrete,Smooth,18.58,27.3,No_Defect
151,Concrete,Rough,16.43,33.2,Crack
152,Concrete,Rough,15.59,27.0,Crack
153,Concrete,Rough,6.58,24.2,Delamination
154,Concrete,Smooth,19.76,12.1,Crack
155,Aluminum,Smooth,14.17,26.1,No_Defect
156,Aluminum,Smooth,8.01,16.7,Delamination
157,Aluminum,Rough,17.65,30.2,Delamination
158,Concrete,Corroded,15.8,23.6,No_Defect
159,Concrete,Corroded,20.55,15.9,No_Defect
160,Steel,Smooth,12.24,37.4,Crack
161,Concrete,Corroded,23.49,35.9,No_Defect
162,Concrete,Smooth,24.77,41.2,Delamination
163,Aluminum,Smooth,13.28,27.8,Weld_Issue
164,Aluminum,Rough,10.66,43.7,Weld_Issue
165,Concrete,Rough,9.48,29.0,Crack
166,Steel,Smooth,24.84,23.7,Weld_Issue
167,Aluminum,Smooth,5.49,44.7,Crack
168,Steel,Smooth,6.66,40.1,No_Defect
169,Aluminum,Rough,12.14,15.3,No_Defect
170,Aluminum,Smooth,20.28,49.5,Weld_Issue
171,Aluminum,Rough,8.62,46.3,Weld_Issue
172,Aluminum,Rough,21.13,47.4,Crack
173,Steel,Corroded,13.5,19.5,Crack
174,Aluminum,Corroded,15.91,40.4,No_Defect
175,Concrete,Corroded,12.96,26.3,Delamination
176,Aluminum,Corroded,18.3,49.7,No_Defect
177,Concrete,Rough,22.63,15.5,Delamination
178,Concrete,Smooth,14.32,48.2,Delamination
179,Steel,Rough,17.77,45.9,Weld_Issue
180,Aluminum,Smooth,22.61,24.3,Weld_Issue
181,Concrete,Rough,19.4,13.7,Delamination
182,Steel,Smooth,21.76,16.6,No_Defect
183,Steel,Rough,18.52,42.0,Weld_Issue
184,Aluminum,Smooth,13.02,49.1,No_Defect
185,Aluminum,Smooth,9.88,13.7,Weld_Issue
186,Steel,Corroded,14.23,32.8,No_Defect
187,Aluminum,Rough,20.23,36.2,No_Defect
188,Concrete,Smooth,15.0,20.1,Weld_Issue
189,Aluminum,Smooth,20.92,22.8,Delamination
190,Aluminum,Corroded,14.44,38.3,Weld_Issue
191,Aluminum,Smooth,9.11,26.9,Weld_Issue
192,Steel,Corroded,18.91,16.1,Crack
193,Steel,Rough,14.71,24.9,Weld_Issue
194,Aluminum,Corroded,18.9,24.0,No_Defect
195,Steel,Corroded,12.18,34.8,Delamination
196,Concrete,Corroded,11.56,28.8,No_Defect
197,Aluminum,Smooth,14.59,22.1,Crack
198,Aluminum,Smooth,17.89,31.1,No_Defect
199,Steel,Rough,15.26,36.8,Weld_Issue
200,Steel,Rough,15.8,41.0,Crack
201,Steel,Rough,9.24,27.4,Weld_Issue
202,Concrete,Corroded,17.13,17.5,No_Defect
203,Aluminum,Smooth,24.11,37.6,Crack
204,Aluminum,Rough,6.95,19.0,Weld_Issue
205,Aluminum,Smooth,7.84,27.2,Crack
206,Concrete,Corroded,16.02,42.6,No_Defect
207,Aluminum,Rough,12.17,26.5,No_Defect
208,Concrete,Smooth,15.15,28.9,No_Defect
209,Aluminum,Rough,16.4,43.7,Weld_Issue
210,Concrete,Smooth,24.8,41.2,Delamination
211,Aluminum,Smooth,13.9,32.7,Weld_Issue
212,Concrete,Rough,17.65,19.8,No_Defect
213,Concrete,Rough,20.44,49.2,Delamination
214,Aluminum,Smooth,22.3,49.7,Weld_Issue
215,Aluminum,Corroded,18.71,47.7,Crack
216,Concrete,Smooth,16.2,27.8,Delamination
217,Concrete,Smooth,20.12,49.4,Weld_Issue
218,Aluminum,Corroded,19.39,34.8,Delamination
219,Aluminum,Smooth,14.24,30.4,Delamination
220,Steel,Corroded,19.5,26.2,No_Defect
221,Aluminum,Corroded,19.62,17.2,No_Defect
222,Aluminum,Smooth,23.57,49.8,Delamination
223,Steel,Corroded,20.17,18.4,No_Defect
224,Aluminum,Smooth,21.01,11.5,No_Defect
225,Concrete,Corroded,15.45,36.1,Weld_Issue
226,Aluminum,Smooth,5.82,42.6,Weld_Issue
227,Concrete,Corroded,19.22,46.6,Crack
228,Aluminum,Rough,19.34,14.6,Weld_Issue
229,Concrete,Smooth,20.28,11.1,Weld_Issue
230,Steel,Corroded,24.76,27.9,No_Defect
231,Aluminum,Corroded,14.23,29.5,No_Defect
232,Concrete,Rough,9.68,17.5,Weld_Issue
233,Concrete,Smooth,10.13,44.0,No_Defect
234,Concrete,Smooth,24.65,35.2,Delamination
235,Steel,Corroded,9.65,21.5,No_Defect
236,Steel,Corroded,12.65,10.7,Delamination
237,Aluminum,Rough,21.85,12.7,No_Defect
238,Concrete,Smooth,7.41,31.2,Weld_Issue
239,Aluminum,Smooth,19.7,43.0,Weld_Issue
240,Steel,Corroded,21.54,43.8,No_Defect
241,Steel,Corroded,15.02,44.9,Delamination
242,Steel,Corroded,13.39,15.9,Delamination
243,Aluminum,Rough,24.94,24.9,Weld_Issue
244,Aluminum,Smooth,18.25,43.6,Crack
245,Aluminum,Smooth,7.15,43.7,Delamination
246,Steel,Smooth,23.31,44.8,No_Defect
247,Concrete,Smooth,15.07,35.6,Crack
248,Steel,Corroded,21.43,39.2,Delamination
249,Aluminum,Rough,9.05,22.3,Delamination
250,Aluminum,Rough,8.4,16.2,Crack
251,Steel,Corroded,5.59,16.3,Crack
252,Steel,Smooth,21.82,17.6,Weld_Issue
253,Aluminum,Rough,8.39,36.1,Crack
254,Concrete,Corroded,7.67,42.6,Weld_Issue
255,Aluminum,Smooth,22.64,11.6,Delamination
256,Aluminum,Corroded,14.35,31.7,Weld_Issue
257,Aluminum,Corroded,24.5,32.3,Delamination
258,Concrete,Corroded,19.65,41.2,Delamination
259,Concrete,Smooth,22.06,44.5,Weld_Issue
260,Concrete,Smooth,5.77,16.2,No_Defect
261,Aluminum,Smooth,6.17,38.2,Weld_Issue
262,Steel,Rough,16.13,10.9,Weld_Issue
263,Concrete,Rough,24.31,40.2,Weld_Issue
264,Aluminum,Rough,20.44,49.1,Delamination
265,Steel,Rough,11.1,35.6,Crack
266,Aluminum,Smooth,11.34,27.0,Crack
267,Aluminum,Rough,17.52,28.5,Weld_Issue
268,Aluminum,Smooth,13.56,26.3,No_Defect
269,Aluminum,Corroded,13.09,16.5,No_Defect
270,Aluminum,Corroded,5.22,13.8,Weld_Issue
271,Concrete,Rough,10.45,22.2,Delamination
272,Aluminum,Corroded,23.26,47.3,Weld_Issue
273,Steel,Rough,6.28,13.7,No_Defect
274,Steel,Smooth,11.67,28.6,No_Defect
275,Steel,Corroded,10.89,28.8,No_Defect
276,Concrete,Rough,6.88,33.6,Weld_Issue
277,Concrete,Rough,5.88,40.8,No_Defect
278,Steel,Rough,24.78,45.3,Weld_Issue
279,Aluminum,Corroded,10.37,23.1,Crack
280,Concrete,Smooth,18.5,44.5,Delamination
281,Aluminum,Rough,8.96,46.5,Weld_Issue
282,Concrete,Smooth,12.84,42.4,No_Defect
283,Concrete,Corroded,15.44,49.7,Crack
284,Steel,Rough,9.8,36.5,No_Defect
285,Concrete,Smooth,15.04,29.5,Crack
286,Aluminum,Rough,17.06,38.4,Crack
287,Concrete,Corroded,14.86,34.5,No_Defect
288,Concrete,Smooth,7.77,24.8,No_Defect
289,Steel,Rough,23.44,27.3,Weld_Issue
290,Steel,Corroded,23.62,42.4,No_Defect
291,Aluminum,Rough,6.87,19.8,Weld_Issue
292,Steel,Smooth,24.35,23.9,No_Defect
293,Steel,Smooth,24.64,33.1,Crack
294,Concrete,Corroded,11.25,42.6,No_Defect
295,Concrete,Smooth,18.58,16.9,Delamination
296,Concrete,Rough,20.37,49.9,Delamination
297,Aluminum,Corroded,24.48,48.6,Delamination
298,Aluminum,Corroded,8.79,31.7,Crack
299,Aluminum,Smooth,21.9,15.4,No_Defect
300,Steel,Rough,8.95,20.6,Weld_Issue
301,Concrete,Corroded,12.11,12.6,Delamination
302,Steel,Smooth,23.57,38.6,Crack
303,Concrete,Corroded,18.13,39.9,Weld_Issue
304,Aluminum,Rough,18.31,29.8,Delamination
305,Concrete,Rough,11.34,33.1,Weld_Issue
306,Aluminum,Smooth,20.92,39.3,Crack
307,Concrete,Smooth,6.17,40.0,Crack
308,Aluminum,Smooth,16.01,36.2,No_Defect
309,Concrete,Smooth,5.07,32.1,Delamination
310,Steel,Corroded,22.59,36.3,Delamination
311,Concrete,Smooth,24.46,34.7,Delamination
312,Steel,Corroded,20.4,11.4,Delamination
313,Concrete,Corroded,20.73,33.3,Weld_Issue
314,Concrete,Smooth,18.3,28.2,Delamination
315,Aluminum,Rough,15.75,26.2,Weld_Issue
316,Steel,Smooth,11.55,27.4,No_Defect
317,Steel,Corroded,11.23,21.6,No_Defect
318,Aluminum,Corroded,10.09,14.5,Delamination
319,Aluminum,Corroded,9.0,33.7,Weld_Issue
320,Aluminum,Smooth,9.38,30.3,Weld_Issue
321,Concrete,Smooth,5.21,45.7,Delamination
322,Steel,Smooth,16.89,15.6,No_Defect
323,Aluminum,Smooth,20.94,31.3,Delamination
324,Concrete,Corroded,23.5,22.5,No_Defect
325,Concrete,Corroded,9.93,19.7,Crack
326,Steel,Corroded,9.04,25.2,Delamination
327,Aluminum,Smooth,11.96,13.1,No_Defect
328,Steel,Corroded,21.95,26.7,No_Defect
329,Steel,Rough,23.04,28.4,Weld_Issue
330,Concrete,Smooth,16.62,10.7,Crack
331,Steel,Smooth,18.08,22.6,Weld_Issue
332,Concrete,Smooth,11.35,48.9,Weld_Issue
333,Steel,Corroded,23.07,27.9,Delamination
334,Steel,Corroded,20.98,35.3,No_Defect
335,Concrete,Smooth,6.12,21.4,Delamination
336,Aluminum,Corroded,18.89,30.3,No_Defect
337,Aluminum,Rough,24.01,19.2,Weld_Issue
338,Concrete,Rough,12.69,33.8,Delamination
339,Concrete,Rough,15.78,28.4,Weld_Issue
340,Aluminum,Corroded,12.09,22.5,No_Defect
341,Concrete,Rough,19.62,38.6,No_Defect
342,Aluminum,Corroded,22.79,29.9,Weld_Issue
343,Concrete,Rough,11.27,37.3,Weld_Issue
344,Concrete,Rough,12.61,19.0,Crack
345,Steel,Rough,16.13,29.3,Weld_Issue
346,Concrete,Corroded,6.02,26.5,Delamination
347,Steel,Rough,18.91,44.8,Crack
348,Concrete,Rough,20.23,12.2,Crack
349,Steel,Corroded,24.24,49.5,Weld_Issue
350,Aluminum,Corroded,13.55,33.8,Crack
351,Steel,Smooth,7.05,20.8,Delamination
352,Steel,Corroded,9.71,46.4,Delamination
353,Aluminum,Smooth,24.64,27.0,Delamination
354,Steel,Smooth,12.11,24.7,Crack
355,Steel,Smooth,18.62,35.3,Weld_Issue
356,Concrete,Rough,6.49,31.5,Weld_Issue
357,Concrete,Smooth,13.46,34.6,Delamination
358,Steel,Smooth,13.71,33.3,Crack
359,Aluminum,Corroded,5.81,44.9,No_Defect
360,Steel,Smooth,22.39,19.9,Weld_Issue
361,Aluminum,Rough,13.13,42.9,Delamination
362,Steel,Smooth,13.91,25.4,Crack
363,Concrete,Corroded,6.77,29.7,No_Defect
364,Steel,Smooth,18.71,26.6,Weld_Issue
365,Concrete,Rough,21.11,36.7,Crack
366,Steel,Rough,16.37,15.3,Delamination
367,Aluminum,Corroded,9.24,28.9,Delamination
368,Aluminum,Rough,15.62,45.8,Delamination
369,Concrete,Corroded,17.91,36.1,No_Defect
370,Aluminum,Smooth,21.25,38.6,Weld_Issue
371,Steel,Rough,20.46,34.3,No_Defect
372,Steel,Smooth,15.36,21.3,Delamination
373,Aluminum,Rough,12.84,22.9,No_Defect
374,Steel,Smooth,24.77,26.7,Delamination
375,Steel,Rough,18.58,49.3,Weld_Issue
376,Steel,Rough,24.59,21.0,No_Defect
377,Concrete,Rough,10.24,23.1,No_Defect
378,Concrete,Rough,13.6,44.4,Crack
379,Concrete,Smooth,17.06,28.1,No_Defect
380,Concrete,Rough,15.12,47.5,Delamination
381,Steel,Smooth,10.22,13.4,Delamination
382,Aluminum,Corroded,15.83,39.8,Delamination
383,Steel,Smooth,24.59,29.9,No_Defect
384,Steel,Smooth,11.56,37.1,Crack
385,Concrete,Corroded,14.38,41.4,Delamination
386,Steel,Rough,24.43,27.8,No_Defect
387,Aluminum,Corroded,22.32,19.7,Weld_Issue
388,Aluminum,Corroded,11.21,26.6,No_Defect
389,Concrete,Smooth,12.07,10.5,No_Defect
390,Steel,Smooth,11.62,48.8,Weld_Issue
391,Steel,Rough,6.76,42.1,Crack
392,Steel,Corroded,17.25,12.4,No_Defect
393,Concrete,Smooth,18.24,22.2,Weld_Issue
394,Aluminum,Corroded,5.62,24.8,Delamination
395,Aluminum,Rough,21.97,10.6,Weld_Issue
396,Concrete,Rough,22.78,22.5,Delamination
397,Aluminum,Rough,22.5,22.7,No_Defect
398,Concrete,Smooth,5.0,48.5,Crack
399,Aluminum,Smooth,9.04,36.8,Crack
400,Aluminum,Corroded,20.2,35.1,Delamination
401,Aluminum,Smooth,19.51,10.9,Weld_Issue
402,Aluminum,Smooth,11.18,48.9,No_Defect
403,Steel,Rough,18.71,49.7,Delamination
404,Concrete,Rough,14.48,31.8,Delamination
405,Steel,Rough,22.91,37.8,Delamination
406,Steel,Rough,19.26,19.9,Delamination
407,Aluminum,Smooth,15.27,21.9,Delamination
408,Steel,Rough,10.25,43.7,No_Defect
409,Steel,Corroded,7.94,28.4,Delamination
410,Concrete,Rough,20.43,36.1,No_Defect
411,Steel,Rough,9.48,10.4,Crack
412,Aluminum,Rough,12.07,31.6,Delamination
413,Steel,Rough,8.06,17.2,No_Defect
414,Steel,Corroded,24.7,43.0,No_Defect
415,Concrete,Rough,11.22,22.3,Weld_Issue
416,Concrete,Smooth,17.04,29.8,Crack
417,Steel,Rough,18.65,45.2,Weld_Issue
418,Concrete,Corroded,22.48,42.1,Weld_Issue
419,Steel,Corroded,19.94,26.6,No_Defect
420,Aluminum,Smooth,18.99,25.0,Weld_Issue
421,Steel,Smooth,17.91,35.7,Weld_Issue
422,Steel,Smooth,13.82,13.4,Crack
423,Steel,Rough,15.69,34.0,Weld_Issue
424,Concrete,Corroded,11.7,22.7,No_Defect
425,Aluminum,Corroded,8.73,11.9,Crack
426,Steel,Smooth,10.7,13.2,Crack
427,Concrete,Corroded,22.73,34.1,Weld_Issue
428,Concrete,Smooth,11.62,19.1,Delamination
429,Concrete,Smooth,12.77,38.9,Weld_Issue
430,Aluminum,Corroded,18.34,19.5,No_Defect
431,Steel,Corroded,7.91,26.7,Crack
432,Steel,Corroded,10.82,35.7,Crack
433,Aluminum,Smooth,7.74,34.5,No_Defect
434,Concrete,Rough,20.96,19.2,Weld_Issue
435,Steel,Smooth,12.84,19.6,Delamination
436,Concrete,Rough,11.83,31.3,Crack
437,Aluminum,Corroded,13.96,45.3,Crack
438,Concrete,Rough,8.47,43.0,Crack
439,Aluminum,Rough,10.77,41.9,Delamination
440,Steel,Rough,12.68,41.0,Delamination
441,Concrete,Smooth,9.79,32.1,Delamination
442,Concrete,Corroded,8.56,15.1,Weld_Issue
443,Concrete,Rough,12.11,23.8,Crack
444,Steel,Rough,24.14,28.6,Weld_Issue
445,Aluminum,Smooth,9.8,13.4,Delamination
446,Aluminum,Rough,11.44,26.7,Delamination
447,Aluminum,Corroded,13.87,32.3,Weld_Issue
448,Concrete,Rough,5.0,27.0,Weld_Issue
449,Steel,Smooth,14.26,23.9,Delamination
450,Aluminum,Smooth,20.15,29.0,Delamination
451,Steel,Smooth,8.77,42.3,Weld_Issue
452,Concrete,Smooth,11.63,43.9,Weld_Issue
453,Steel,Rough,5.01,33.2,Weld_Issue
454,Concrete,Corroded,24.65,19.3,Weld_Issue
455,Aluminum,Rough,8.56,31.6,Delamination
456,Aluminum,Corroded,20.07,13.8,No_Defect
457,Concrete,Corroded,12.17,37.7,Delamination
458,Aluminum,Rough,20.53,46.4,No_Defect
459,Concrete,Corroded,20.38,10.9,Crack
460,Concrete,Corroded,5.96,15.6,Weld_Issue
461,Aluminum,Rough,16.4,47.2,Weld_Issue
462,Concrete,Corroded,24.92,42.9,No_Defect
463,Concrete,Corroded,6.19,31.9,Weld_Issue
464,Concrete,Smooth,6.89,14.8,Weld_Issue
465,Steel,Smooth,24.51,29.2,Delamination
466,Aluminum,Rough,8.26,26.1,No_Defect
467,Concrete,Rough,19.91,13.7,Crack
468,Concrete,Smooth,22.56,10.9,Weld_Issue
469,Steel,Corroded,12.54,35.9,Delamination
470,Aluminum,Corroded,11.48,22.2,Weld_Issue
471,Concrete,Rough,20.78,48.5,No_Defect
472,Steel,Rough,14.45,24.3,Weld_Issue
473,Concrete,Rough,11.2,41.4,Weld_Issue
474,Steel,Smooth,23.09,11.6,Delamination
475,Steel,Smooth,9.3,15.4,Delamination
476,Aluminum,Rough,9.97,25.9,Delamination
477,Steel,Rough,17.67,15.6,No_Defect
478,Concrete,Smooth,6.25,13.9,No_Defect
479,Steel,Smooth,20.33,13.6,Delamination
480,Steel,Smooth,18.44,25.8,No_Defect
481,Steel,Rough,21.45,36.8,Weld_Issue
482,Concrete,Smooth,14.27,25.9,Crack
483,Steel,Rough,15.0,32.4,Weld_Issue
484,Concrete,Smooth,7.4,49.5,Delamination
485,Steel,Rough,8.83,41.4,Weld_Issue
486,Aluminum,Smooth,20.39,13.6,No_Defect
487,Aluminum,Corroded,6.48,29.3,Weld_Issue
488,Aluminum,Smooth,9.28,46.2,Delamination
489,Concrete,Rough,21.83,26.2,No_Defect
490,Steel,Smooth,5.96,33.8,Weld_Issue
491,Aluminum,Corroded,11.32,15.1,No_Defect
492,Aluminum,Corroded,5.13,34.3,Crack
493,Concrete,Corroded,21.61,39.9,Weld_Issue
494,Concrete,Rough,12.22,18.3,Weld_Issue
495,Steel,Rough,14.27,15.7,Weld_Issue
496,Aluminum,Smooth,16.57,44.3,No_Defect
497,Steel,Corroded,15.88,28.3,Delamination
498,Steel,Rough,17.54,29.3,Crack
499,Concrete,Corroded,16.57,48.4,No_Defect
500,Concrete,Smooth,19.67,32.7,Delamination
501,Steel,Corroded,13.17,46.9,Weld_Issue
502,Concrete,Corroded,10.96,15.3,No_Defect
503,Concrete,Rough,14.33,43.4,Weld_Issue
504,Aluminum,Corroded,10.38,22.8,Crack
505,Aluminum,Rough,19.85,34.6,No_Defect
506,Aluminum,Smooth,13.36,36.9,No_Defect
507,Aluminum,Rough,13.58,41.2,Crack
508,Aluminum,Smooth,16.73,42.6,Delamination
509,Aluminum,Smooth,13.79,11.8,No_Defect
510,Aluminum,Rough,19.14,34.7,Crack
511,Aluminum,Corroded,8.97,38.7,Crack
512,Steel,Rough,15.4,16.1,Weld_Issue
513,Concrete,Corroded,19.32,28.7,No_Defect
514,Aluminum,Corroded,17.36,37.2,No_Defect
515,Concrete,Rough,18.38,23.5,Weld_Issue
516,Aluminum,Corroded,10.03,49.0,Weld_Issue
517,Steel,Corroded,6.6,12.1,No_Defect
518,Concrete,Corroded,23.63,26.8,Crack
519,Concrete,Smooth,9.0,46.3,Delamination
520,Steel,Corroded,22.37,16.2,No_Defect
521,Aluminum,Rough,12.71,42.3,Weld_Issue
522,Aluminum,Corroded,11.55,34.3,Weld_Issue
523,Aluminum,Corroded,21.87,49.4,Weld_Issue
524,Aluminum,Corroded,5.06,41.8,Crack
525,Steel,Corroded,22.53,19.0,Weld_Issue
526,Concrete,Rough,9.08,12.1,No_Defect
527,Aluminum,Smooth,11.82,25.2,Crack
528,Steel,Smooth,24.29,42.1,Crack
529,Concrete,Corroded,20.89,48.4,No_Defect
530,Steel,Rough,12.25,38.7,Crack
531,Aluminum,Corroded,19.7,47.0,Delamination
532,Aluminum,Rough,7.93,25.1,Delamination
533,Aluminum,Corroded,19.44,45.1,No_Defect
534,Concrete,Rough,10.63,16.4,Crack
535,Steel,Smooth,22.36,31.8,Crack
536,Steel,Corroded,7.52,17.0,No_Defect
537,Steel,Rough,10.66,30.4,Weld_Issue
538,Concrete,Smooth,10.35,24.6,No_Defect
539,Aluminum,Corroded,18.46,33.6,Crack
540,Aluminum,Smooth,12.62,37.2,Delamination
541,Aluminum,Rough,19.97,28.6,Weld_Issue
542,Aluminum,Corroded,16.5,48.2,Delamination
543,Steel,Smooth,19.19,38.1,Crack
544,Concrete,Rough,13.18,41.1,No_Defect
545,Aluminum,Smooth,23.64,35.3,Crack
546,Concrete,Corroded,15.05,11.1,Crack
547,Aluminum,Smooth,23.44,46.8,Weld_Issue
548,Aluminum,Smooth,17.09,21.6,Delamination
549,Steel,Corroded,5.57,37.7,No_Defect
550,Concrete,Smooth,10.12,38.0,Crack
551,Concrete,Rough,20.24,41.0,Delamination
552,Steel,Rough,5.79,39.8,No_Defect
553,Steel,Rough,22.54,22.0,No_Defect
554,Concrete,Corroded,18.24,28.0,No_Defect
555,Steel,Rough,5.84,32.1,Delamination
556,Concrete,Rough,6.02,30.6,Crack
557,Concrete,Rough,7.86,27.3,No_Defect
558,Steel,Smooth,20.1,17.6,Delamination
559,Aluminum,Smooth,18.78,46.6,Weld_Issue
560,Steel,Corroded,7.01,12.7,Weld_Issue
561,Steel,Smooth,13.89,15.5,Crack
562,Concrete,Smooth,12.73,30.2,Crack
563,Concrete,Rough,22.54,30.9,Weld_Issue
564,Aluminum,Rough,13.67,47.0,Crack
565,Steel,Smooth,24.11,34.9,Weld_Issue
566,Steel,Corroded,16.71,32.1,No_Defect
567,Concrete,Corroded,9.06,46.8,Crack
568,Steel,Rough,24.36,42.3,No_Defect
569,Aluminum,Smooth,18.29,40.9,Weld_Issue
570,Steel,Smooth,16.25,24.0,No_Defect
571,Concrete,Smooth,21.37,18.3,Weld_Issue
572,Concrete,Rough,21.73,17.5,Crack
573,Aluminum,Smooth,23.69,20.9,Crack
574,Concrete,Smooth,9.21,24.8,Delamination
575,Concrete,Corroded,9.32,33.4,Weld_Issue
576,Aluminum,Rough,18.95,46.2,Crack
577,Concrete,Rough,11.09,12.3,No_Defect
578,Aluminum,Smooth,9.86,33.6,No_Defect
579,Concrete,Corroded,14.63,32.9,Weld_Issue
580,Aluminum,Rough,7.12,28.9,Crack
581,Concrete,Corroded,18.69,20.6,Weld_Issue
582,Concrete,Smooth,12.79,35.7,No_Defect
583,Concrete,Smooth,23.81,29.1,Delamination
584,Steel,Rough,15.83,21.4,Delamination
585,Steel,Corroded,11.87,40.4,Weld_Issue
586,Steel,Corroded,10.88,14.9,Weld_Issue
587,Aluminum,Rough,18.58,16.6,Weld_Issue
588,Steel,Corroded,16.1,38.9,No_Defect
589,Aluminum,Rough,12.76,17.5,Crack
590,Aluminum,Smooth,23.85,32.7,Weld_Issue
591,Aluminum,Corroded,8.54,10.4,Crack
592,Aluminum,Smooth,6.8,45.4,Weld_Issue
593,Concrete,Smooth,11.72,11.9,Delamination
594,Steel,Corroded,5.15,32.6,Weld_Issue
595,Aluminum,Rough,17.78,42.8,Weld_Issue
596,Steel,Corroded,24.05,36.2,Delamination
597,Concrete,Corroded,24.65,48.2,Weld_Issue
598,Aluminum,Corroded,10.23,14.7,Delamination
599,Steel,Corroded,19.37,50.0,Crack
600,Aluminum,Corroded,9.08,25.5,Crack
601,Concrete,Rough,5.15,27.3,No_Defect
602,Steel,Rough,15.06,10.8,No_Defect
603,Steel,Corroded,24.23,17.5,Delamination
604,Aluminum,Corroded,23.46,43.6,Delamination
605,Steel,Smooth,19.39,36.2,Delamination
606,Aluminum,Rough,5.46,42.9,Delamination
607,Steel,Corroded,16.89,23.8,Weld_Issue
608,Concrete,Rough,18.52,47.6,No_Defect
609,Concrete,Corroded,10.13,46.7,Weld_Issue
610,Aluminum,Rough,5.55,18.2,Crack
611,Concrete,Corroded,18.03,12.1,Crack
612,Steel,Rough,22.34,36.2,Weld_Issue
613,Aluminum,Rough,19.17,35.0,Weld_Issue
614,Aluminum,Corroded,19.15,10.8,Delamination
615,Aluminum,Rough,23.43,42.0,Crack
616,Steel,Smooth,13.09,39.2,Weld_Issue
617,Concrete,Rough,16.89,23.9,No_Defect
618,Concrete,Smooth,17.08,40.5,Weld_Issue
619,Steel,Corroded,18.11,19.9,Weld_Issue
620,Concrete,Rough,22.59,32.9,Crack
621,Steel,Corroded,9.15,47.2,No_Defect
622,Aluminum,Rough,24.36,35.4,Delamination
623,Concrete,Corroded,5.97,24.8,No_Defect
624,Steel,Rough,17.44,14.0,Weld_Issue
625,Concrete,Smooth,19.84,31.3,No_Defect
626,Concrete,Smooth,6.54,34.4,Weld_Issue
627,Concrete,Rough,14.26,43.5,Crack
628,Steel,Smooth,11.68,14.8,No_Defect
629,Steel,Smooth,22.28,32.6,No_Defect
630,Concrete,Corroded,19.97,49.9,Crack
631,Steel,Corroded,22.34,18.4,No_Defect
632,Aluminum,Corroded,12.31,29.5,No_Defect
633,Concrete,Corroded,6.63,10.8,Weld_Issue
634,Steel,Corroded,8.01,45.3,Crack
635,Concrete,Smooth,24.13,37.7,Delamination
636,Steel,Smooth,11.32,40.1,No_Defect
637,Concrete,Smooth,23.51,25.4,Weld_Issue
638,Aluminum,Smooth,24.58,11.4,Delamination
639,Concrete,Corroded,13.65,23.5,Weld_Issue
640,Concrete,Smooth,21.74,35.5,Weld_Issue
641,Aluminum,Corroded,22.34,48.5,Crack
642,Steel,Rough,7.4,28.4,Delamination
643,Steel,Smooth,5.72,42.6,No_Defect
644,Aluminum,Smooth,16.36,39.3,No_Defect
645,Concrete,Rough,5.04,12.2,Crack
646,Aluminum,Smooth,23.9,14.8,Weld_Issue
647,Aluminum,Smooth,17.09,15.6,No_Defect
648,Concrete,Rough,15.78,35.4,Crack
649,Steel,Corroded,7.64,31.9,Weld_Issue
650,Steel,Rough,13.62,31.6,No_Defect
651,Steel,Rough,21.08,30.6,Crack
652,Concrete,Corroded,24.28,36.0,Delamination
653,Concrete,Corroded,19.37,38.3,Crack
654,Aluminum,Rough,21.72,48.2,No_Defect
655,Aluminum,Corroded,21.98,49.5,Weld_Issue
656,Steel,Rough,22.99,22.3,Delamination
657,Concrete,Rough,7.58,30.6,Delamination
658,Concrete,Smooth,21.43,33.7,Crack
659,Steel,Corroded,8.85,20.1,Delamination
660,Concrete,Smooth,10.12,14.3,Crack
661,Aluminum,Rough,17.72,39.7,No_Defect
662,Concrete,Smooth,17.74,33.0,Weld_Issue
663,Concrete,Corroded,9.22,24.1,Weld_Issue
664,Steel,Rough,11.18,19.0,Weld_Issue
665,Concrete,Smooth,24.04,41.1,Crack
666,Concrete,Rough,9.55,16.6,No_Defect
667,Aluminum,Corroded,11.06,48.9,No_Defect
668,Aluminum,Rough,14.23,11.3,Delamination
669,Steel,Corroded,8.68,31.0,Delamination
670,Aluminum,Smooth,11.13,37.9,Weld_Issue
671,Concrete,Corroded,12.93,23.4,Delamination
672,Aluminum,Smooth,12.64,14.2,Crack
673,Steel,Rough,22.83,42.0,Weld_Issue
674,Aluminum,Corroded,12.53,11.9,No_Defect
675,Concrete,Corroded,6.22,19.2,No_Defect
676,Aluminum,Rough,15.88,32.4,No_Defect
677,Concrete,Rough,16.27,23.8,Weld_Issue
678,Steel,Rough,23.42,24.1,No_Defect
679,Aluminum,Smooth,12.05,40.5,Delamination
680,Aluminum,Smooth,15.1,37.6,Delamination
681,Steel,Rough,13.66,18.7,No_Defect
682,Steel,Smooth,12.37,11.8,Crack
683,Concrete,Smooth,18.13,10.6,Delamination
684,Steel,Smooth,24.52,18.3,Crack
685,Aluminum,Rough,21.93,29.1,No_Defect
686,Steel,Smooth,17.19,20.8,Crack
687,Steel,Smooth,8.3,17.3,Delamination
688,Steel,Smooth,5.65,36.8,Crack
689,Aluminum,Smooth,16.76,13.5,Crack
690,Steel,Corroded,14.6,42.7,Weld_Issue
691,Aluminum,Rough,23.99,31.2,Crack
692,Steel,Rough,6.76,17.3,No_Defect
693,Aluminum,Smooth,8.62,41.2,Delamination
694,Concrete,Smooth,5.04,43.0,Weld_Issue
695,Aluminum,Rough,24.11,17.4,Delamination
696,Aluminum,Rough,5.57,24.4,No_Defect
697,Steel,Smooth,19.7,30.1,Delamination
698,Concrete,Smooth,20.29,31.3,Weld_Issue
699,Concrete,Rough,24.96,47.1,No_Defect
700,Concrete,Smooth,17.59,41.9,Delamination
701,Aluminum,Corroded,22.37,32.7,No_Defect
702,Concrete,Corroded,6.52,32.5,Weld_Issue
703,Concrete,Rough,15.36,28.7,Delamination
704,Concrete,Corroded,21.19,39.2,Weld_Issue
705,Aluminum,Corroded,8.66,25.5,No_Defect
706,Concrete,Rough,15.28,25.7,Delamination
707,Concrete,Smooth,14.19,47.2,Weld_Issue
708,Concrete,Corroded,17.06,26.2,Weld_Issue
709,Aluminum,Rough,18.41,30.3,Delamination
710,Aluminum,Smooth,17.37,10.2,Delamination
711,Concrete,Corroded,11.81,38.6,No_Defect
712,Aluminum,Smooth,14.03,25.7,No_Defect
713,Concrete,Corroded,21.49,35.3,Crack
714,Aluminum,Corroded,20.79,22.4,Delamination
715,Steel,Corroded,19.87,48.3,No_Defect
716,Concrete,Corroded,11.67,33.8,Crack
717,Concrete,Smooth,11.94,12.8,Crack
718,Concrete,Rough,23.44,11.5,Delamination
719,Steel,Rough,24.51,19.2,No_Defect
720,Aluminum,Smooth,15.92,16.6,Delamination
721,Aluminum,Rough,14.8,31.3,No_Defect
722,Concrete,Smooth,16.74,28.1,No_Defect
723,Concrete,Smooth,16.7,36.2,Weld_Issue
724,Steel,Smooth,12.33,12.9,Weld_Issue
725,Aluminum,Rough,16.52,19.1,Delamination
726,Concrete,Corroded,16.49,39.2,Crack
727,Steel,Smooth,23.81,18.1,Delamination
728,Aluminum,Corroded,5.72,15.2,Crack
729,Aluminum,Smooth,18.77,32.0,Weld_Issue
730,Steel,Corroded,22.94,30.0,Weld_Issue
731,Steel,Corroded,23.07,46.6,Weld_Issue
732,Steel,Smooth,15.81,23.5,Weld_Issue
733,Aluminum,Rough,16.61,10.8,Weld_Issue
734,Aluminum,Corroded,8.63,40.9,Delamination
735,Concrete,Rough,17.06,18.4,Weld_Issue
736,Steel,Corroded,18.44,49.9,Delamination
737,Concrete,Rough,7.2,40.9,Crack
738,Steel,Corroded,19.9,36.3,Weld_Issue
739,Concrete,Rough,22.65,29.5,Crack
740,Concrete,Smooth,16.48,28.0,Crack
741,Aluminum,Corroded,17.15,39.3,No_Defect
742,Steel,Smooth,18.89,32.5,Crack
743,Concrete,Rough,5.68,45.2,Crack
744,Aluminum,Rough,6.38,26.8,Delamination
745,Steel,Smooth,12.69,25.8,Crack
746,Steel,Corroded,22.96,31.2,Weld_Issue
747,Concrete,Corroded,7.76,46.5,Delamination
748,Aluminum,Corroded,6.64,14.0,Crack
749,Concrete,Corroded,22.37,13.4,Crack
750,Steel,Corroded,9.42,31.6,No_Defect
751,Concrete,Smooth,14.73,18.3,Crack
752,Aluminum,Rough,5.7,43.1,No_Defect
753,Concrete,Smooth,6.3,34.4,Delamination
754,Steel,Corroded,10.27,46.7,Crack
755,Steel,Rough,16.76,28.4,Crack
756,Concrete,Smooth,10.31,28.5,Delamination
757,Concrete,Smooth,5.45,20.6,Weld_Issue
758,Concrete,Corroded,21.17,13.8,Weld_Issue
759,Aluminum,Smooth,14.77,30.6,No_Defect
760,Aluminum,Smooth,10.07,15.6,No_Defect
761,Aluminum,Corroded,15.84,38.7,Delamination
762,Aluminum,Rough,8.74,48.6,Delamination
763,Aluminum,Corroded,15.33,26.3,No_Defect
764,Aluminum,Rough,20.13,11.8,Crack
765,Aluminum,Smooth,24.12,46.7,Delamination
766,Aluminum,Rough,16.87,48.3,Crack
767,Steel,Corroded,12.49,28.2,Crack
768,Concrete,Corroded,12.05,49.9,Weld_Issue
769,Aluminum,Smooth,15.84,27.8,Delamination
770,Concrete,Rough,15.01,31.1,Crack
771,Concrete,Corroded,12.64,43.4,Crack
772,Concrete,Rough,17.43,15.0,Delamination
773,Aluminum,Corroded,18.79,12.8,Crack
774,Aluminum,Smooth,13.35,22.7,No_Defect
775,Steel,Smooth,7.38,47.7,Weld_Issue
776,Aluminum,Rough,16.17,36.7,No_Defect
777,Concrete,Smooth,18.92,36.7,Delamination
778,Steel,Corroded,8.44,20.5,Weld_Issue
779,Concrete,Corroded,9.52,46.8,No_Defect
780,Steel,Smooth,17.28,12.2,Delamination
781,Concrete,Corroded,11.55,40.9,Delamination
782,Aluminum,Rough,18.01,40.7,No_Defect
783,Concrete,Rough,18.29,35.6,Delamination
784,Steel,Corroded,7.35,21.7,Weld_Issue
785,Steel,Corroded,14.86,28.4,Crack
786,Aluminum,Corroded,24.38,40.1,Delamination
787,Concrete,Rough,6.3,48.9,Weld_Issue
788,Aluminum,Smooth,22.95,25.1,No_Defect
789,Aluminum,Corroded,22.94,44.1,Crack
790,Aluminum,Corroded,20.98,42.5,Weld_Issue
791,Steel,Rough,16.01,44.2,No_Defect
792,Steel,Corroded,7.18,12.9,Delamination
793,Aluminum,Smooth,20.49,39.0,Delamination
794,Concrete,Rough,14.26,33.1,Weld_Issue
795,Steel,Corroded,20.05,45.7,Weld_Issue
796,Steel,Rough,20.98,31.9,Delamination
797,Aluminum,Smooth,20.48,28.9,Weld_Issue
798,Aluminum,Smooth,16.56,17.5,Crack
799,Concrete,Smooth,10.82,28.4,Crack
800,Steel,Smooth,19.89,26.6,No_Defect
801,Aluminum,Corroded,13.99,49.3,Delamination
802,Steel,Rough,12.34,11.1,Delamination
803,Concrete,Smooth,20.44,45.3,Crack
804,Steel,Corroded,14.61,41.9,Crack
805,Concrete,Rough,17.66,32.7,No_Defect
806,Concrete,Smooth,18.29,47.6,Weld_Issue
807,Steel,Smooth,6.36,27.7,Weld_Issue
808,Aluminum,Corroded,6.23,46.6,Weld_Issue
809,Concrete,Rough,6.08,29.2,No_Defect
810,Concrete,Rough,10.63,14.9,No_Defect
811,Concrete,Corroded,22.23,44.9,Crack
812,Steel,Smooth,9.97,20.8,Crack
813,Steel,Smooth,12.58,37.1,Crack
814,Steel,Rough,20.29,33.3,No_Defect
815,Steel,Smooth,8.19,45.2,Weld_Issue
816,Aluminum,Corroded,13.28,32.2,Delamination
817,Concrete,Corroded,5.4,24.4,Delamination
818,Aluminum,Smooth,15.69,45.5,No_Defect
819,Aluminum,Corroded,9.7,41.4,No_Defect
820,Aluminum,Rough,11.89,33.1,Crack
821,Concrete,Corroded,16.57,35.5,No_Defect
822,Steel,Rough,18.69,33.0,Crack
823,Steel,Rough,12.56,38.0,Crack
824,Aluminum,Corroded,10.06,36.7,Weld_Issue
825,Steel,Corroded,6.62,21.9,Delamination
826,Concrete,Corroded,16.47,21.3,Weld_Issue
827,Aluminum,Smooth,7.57,31.9,Crack
828,Aluminum,Smooth,17.17,45.2,Crack
829,Steel,Smooth,16.38,28.2,Weld_Issue
830,Steel,Rough,19.69,18.3,Delamination
831,Steel,Smooth,7.61,45.6,Weld_Issue
832,Steel,Corroded,14.61,34.7,No_Defect
833,Steel,Rough,6.63,43.4,Delamination
834,Steel,Corroded,7.17,43.7,No_Defect
835,Steel,Smooth,15.92,25.8,No_Defect
836,Concrete,Corroded,7.33,11.5,Crack
837,Concrete,Corroded,18.18,21.5,Crack
838,Steel,Smooth,18.83,44.8,Crack
839,Concrete,Corroded,10.44,12.3,Delamination
840,Aluminum,Rough,8.8,14.1,Crack
841,Concrete,Corroded,7.79,31.5,Weld_Issue
842,Steel,Rough,9.37,39.7,Crack
843,Steel,Smooth,24.09,18.9,Delamination
844,Steel,Corroded,9.51,26.1,Weld_Issue
845,Concrete,Corroded,13.93,32.6,No_Defect
846,Steel,Smooth,21.92,40.1,No_Defect
847,Aluminum,Rough,7.21,48.1,Weld_Issue
848,Concrete,Corroded,8.85,17.3,Delamination
849,Aluminum,Corroded,7.64,33.6,Weld_Issue
850,Aluminum,Corroded,12.1,17.7,Weld_Issue
851,Aluminum,Rough,19.77,19.5,Crack
852,Aluminum,Rough,21.03,47.8,Delamination
853,Steel,Smooth,7.68,17.4,Delamination
854,Aluminum,Rough,5.15,33.4,Delamination
855,Aluminum,Corroded,18.73,36.1,Weld_Issue
856,Aluminum,Corroded,22.6,21.8,No_Defect
857,Steel,Smooth,19.21,13.6,Crack
858,Concrete,Rough,22.62,16.8,No_Defect
859,Concrete,Corroded,11.7,31.0,Weld_Issue
860,Steel,Rough,7.11,24.4,No_Defect
861,Aluminum,Rough,9.16,47.4,Delamination
862,Aluminum,Corroded,6.38,48.6,No_Defect
863,Aluminum,Corroded,16.04,13.1,Crack
864,Aluminum,Smooth,23.15,23.5,Weld_Issue
865,Concrete,Rough,17.32,34.4,Weld_Issue
866,Steel,Smooth,7.81,10.3,Delamination
867,Aluminum,Smooth,24.26,11.6,Delamination
868,Steel,Rough,17.46,37.5,Crack
869,Concrete,Smooth,22.56,18.1,Delamination
870,Steel,Rough,13.28,19.0,Crack
871,Steel,Corroded,18.24,32.0,No_Defect
872,Concrete,Corroded,10.46,23.5,Delamination
873,Aluminum,Rough,15.52,38.3,Crack
874,Steel,Smooth,14.33,43.8,Weld_Issue
875,Aluminum,Rough,19.26,28.4,Delamination
876,Aluminum,Smooth,23.57,31.8,Weld_Issue
877,Aluminum,Rough,11.84,39.3,Crack
878,Concrete,Smooth,21.59,15.3,No_Defect
879,Steel,Rough,8.5,29.4,No_Defect
880,Aluminum,Rough,23.11,11.5,Crack
881,Concrete,Smooth,11.17,45.7,Delamination
882,Concrete,Smooth,16.19,10.6,Delamination
883,Steel,Corroded,23.37,22.5,Weld_Issue
884,Steel,Smooth,24.61,33.9,Weld_Issue
885,Steel,Smooth,12.66,16.5,Weld_Issue
886,Aluminum,Smooth,15.59,46.2,Crack
887,Steel,Corroded,16.81,43.2,No_Defect
888,Steel,Corroded,12.58,31.3,Delamination
889,Steel,Corroded,12.44,27.7,Weld_Issue
890,Steel,Smooth,17.42,29.2,No_Defect
891,Aluminum,Rough,15.01,39.4,Delamination
892,Concrete,Smooth,9.63,45.2,Weld_Issue
893,Concrete,Smooth,13.97,30.5,No_Defect
894,Steel,Corroded,6.62,47.8,Delamination
895,Steel,Corroded,21.73,42.8,Weld_Issue
896,Aluminum,Smooth,17.24,20.3,Delamination
897,Aluminum,Rough,22.29,39.3,Crack
898,Steel,Corroded,14.41,27.3,Delamination
899,Aluminum,Corroded,10.42,26.5,Crack
900,Aluminum,Rough,6.99,28.7,Delamination
901,Concrete,Smooth,6.14,47.7,Crack
902,Steel,Rough,19.09,27.6,Crack
903,Steel,Rough,23.27,24.2,No_Defect
904,Aluminum,Rough,13.94,24.8,Weld_Issue
905,Concrete,Smooth,20.54,35.7,Delamination
906,Aluminum,Corroded,11.5,42.4,No_Defect
907,Steel,Smooth,24.86,42.3,Crack
908,Steel,Corroded,7.44,18.3,Weld_Issue
909,Aluminum,Smooth,19.23,42.7,Weld_Issue
910,Steel,Rough,5.95,41.7,Weld_Issue
911,Aluminum,Rough,19.8,45.3,Weld_Issue
912,Steel,Smooth,16.67,31.3,Delamination
913,Concrete,Smooth,12.15,37.4,No_Defect
914,Aluminum,Smooth,10.07,14.0,Delamination
915,Concrete,Corroded,10.81,10.5,Delamination
916,Concrete,Smooth,23.06,29.2,No_Defect
917,Concrete,Rough,22.43,48.6,Delamination
918,Concrete,Corroded,8.33,31.5,No_Defect
919,Steel,Corroded,17.54,10.2,No_Defect
920,Steel,Rough,13.13,41.0,Crack
921,Aluminum,Rough,21.08,14.7,Crack
922,Aluminum,Corroded,13.06,35.0,Weld_Issue
923,Steel,Rough,17.54,18.8,Weld_Issue
924,Aluminum,Corroded,5.12,29.1,No_Defect
925,Aluminum,Smooth,8.6,36.9,Delamination
926,Aluminum,Corroded,6.9,44.4,Weld_Issue
927,Aluminum,Corroded,8.96,24.8,Crack
928,Steel,Corroded,15.6,14.7,Weld_Issue
929,Steel,Smooth,14.65,11.8,No_Defect
930,Aluminum,Smooth,9.92,25.5,Crack
931,Concrete,Rough,6.59,29.3,No_Defect
932,Concrete,Corroded,20.3,42.3,Delamination
933,Aluminum,Smooth,18.26,37.5,Crack
934,Aluminum,Rough,10.47,26.3,No_Defect
935,Steel,Corroded,17.22,32.8,Crack
936,Concrete,Rough,16.04,41.3,Delamination
937,Steel,Rough,9.92,47.9,Weld_Issue
938,Steel,Corroded,24.95,14.9,Weld_Issue
939,Aluminum,Corroded,9.52,47.9,Delamination
940,Steel,Smooth,16.83,10.4,Weld_Issue
941,Aluminum,Corroded,20.45,38.1,Crack
942,Steel,Smooth,5.71,29.3,Weld_Issue
943,Concrete,Smooth,18.71,30.8,Weld_Issue
944,Steel,Smooth,15.77,40.5,Delamination
945,Steel,Smooth,12.55,12.7,Crack
946,Aluminum,Smooth,23.21,29.3,Weld_Issue
947,Aluminum,Smooth,17.84,11.5,Crack
948,Concrete,Smooth,9.87,24.1,Delamination
949,Aluminum,Smooth,16.28,38.4,Weld_Issue
950,Concrete,Smooth,19.23,37.9,Crack
951,Steel,Corroded,20.29,23.6,No_Defect
952,Concrete,Rough,5.44,30.1,Delamination
953,Steel,Smooth,7.47,44.6,Delamination
954,Concrete,Corroded,6.18,43.3,Weld_Issue
955,Aluminum,Smooth,23.55,33.3,No_Defect
956,Aluminum,Corroded,9.41,49.6,Crack
957,Concrete,Corroded,16.63,46.3,Weld_Issue
958,Steel,Corroded,17.76,21.2,Delamination
959,Steel,Rough,22.26,39.0,No_Defect
960,Aluminum,Corroded,8.66,32.0,No_Defect
961,Concrete,Rough,14.35,20.7,No_Defect
962,Concrete,Corroded,9.97,10.7,Delamination
963,Steel,Smooth,19.2,36.2,Crack
964,Steel,Corroded,21.29,35.7,Weld_Issue
965,Aluminum,Smooth,10.73,12.6,Delamination
966,Steel,Rough,10.42,26.2,Crack
967,Steel,Smooth,14.78,16.3,Crack
968,Aluminum,Corroded,22.61,47.8,No_Defect
969,Aluminum,Corroded,20.44,10.8,Crack
970,Concrete,Smooth,24.09,25.3,Weld_Issue
971,Steel,Rough,7.15,36.5,Weld_Issue
972,Concrete,Smooth,8.71,25.7,Weld_Issue
973,Aluminum,Corroded,23.49,49.5,Crack
974,Steel,Smooth,14.95,21.5,No_Defect
975,Concrete,Rough,20.77,44.1,Crack
976,Aluminum,Smooth,15.41,20.0,Crack
977,Steel,Corroded,17.87,25.9,Crack
978,Concrete,Smooth,10.98,42.0,Crack
979,Concrete,Corroded,16.54,38.4,Weld_Issue
980,Concrete,Smooth,17.99,29.8,Crack
981,Steel,Rough,13.99,14.7,No_Defect
982,Aluminum,Corroded,7.24,44.2,Crack
983,Aluminum,Corroded,17.91,15.8,Delamination
984,Aluminum,Corroded,13.99,33.0,Delamination
985,Steel,Rough,21.81,46.3,Delamination
986,Concrete,Smooth,7.52,21.9,No_Defect
987,Concrete,Corroded,16.01,37.4,Crack
988,Concrete,Rough,8.1,46.1,No_Defect
989,Aluminum,Corroded,15.25,22.3,Delamination
990,Aluminum,Corroded,18.44,45.3,Crack
991,Steel,Smooth,22.56,13.7,Delamination
992,Aluminum,Corroded,11.11,44.5,Delamination
993,Aluminum,Corroded,22.73,49.2,Weld_Issue
994,Concrete,Rough,8.11,13.1,Delamination
995,Steel,Corroded,22.4,48.8,No_Defect
996,Concrete,Smooth,8.38,30.2,Weld_Issue
997,Steel,Corroded,24.13,12.7,Weld_Issue
998,Concrete,Corroded,24.97,25.5,Weld_Issue
999,Aluminum,Rough,16.56,16.8,Weld_Issue
1000,Steel,Smooth,12.0,32.5,No_Defect
